,CustomerID,Loyalty,Segment,Cluster
0,12346.0,Platinum,loyal_customers_with_high_monetary,9
1,12347.0,Silver,high_monetary,5
2,12348.0,Platinum,loyal_customers_with_high_monetary,5
3,12350.0,Silver,new_customers,5
4,12352.0,Diamond,most_important_customers,1
5,12356.0,Gold,high_monetary,5
6,12359.0,Platinum,most_important_customers,5
7,12362.0,Gold,new_customers_with_high_monetary,5
8,12370.0,Bronze,inactive_customer,0
9,12372.0,Gold,new_customers_with_high_monetary,5
10,12373.0,Silver,high_monetary,5
11,12377.0,Platinum,loyal_customers_with_high_monetary,5
12,12380.0,Gold,new_customers_with_high_monetary,4
13,12383.0,Diamond,most_important_customers,4
14,12386.0,Bronze,inactive_customer,0
15,12388.0,Platinum,most_important_customers,5
16,12393.0,Gold,loyal_customers_with_high_monetary,0
17,12395.0,Diamond,most_important_customers,1
18,12401.0,Silver,new_customers,5
19,12402.0,Silver,inactive_customer,5
20,12410.0,Platinum,most_important_customers,1
21,12413.0,Gold,loyal_customers_with_high_monetary,1
22,12414.0,Silver,new_customers,5
23,12415.0,Diamond,most_important_customers,7
24,12417.0,Diamond,most_important_customers,4
25,12421.0,Bronze,inactive_customer,5
26,12422.0,Silver,inactive_customer,5
27,12423.0,Platinum,most_important_customers,5
28,12427.0,Bronze,inactive_customer,0
29,12428.0,Gold,new_customers_with_high_monetary,5
30,12431.0,Diamond,most_important_customers,1
31,12437.0,Platinum,most_important_customers,1
32,12451.0,Gold,high_monetary,5
33,12455.0,Diamond,most_important_customers,5
34,12462.0,Diamond,most_important_customers,5
35,12464.0,Silver,new_customers,5
36,12468.0,Silver,inactive_customer,5
37,12471.0,Diamond,most_important_customers,6
38,12472.0,Platinum,most_important_customers,5
39,12473.0,Silver,new_customers,4
40,12474.0,Platinum,most_important_customers,1
41,12476.0,Platinum,most_important_customers,1
42,12477.0,Platinum,most_important_customers,5
43,12480.0,Silver,high_monetary,0
44,12481.0,Gold,loyal_customers_with_high_monetary,0
45,12483.0,Gold,loyal_customers_with_high_monetary,0
46,12484.0,Silver,high_monetary,0
47,12489.0,Bronze,inactive_customer,0
48,12490.0,Silver,high_monetary,0
49,12494.0,Gold,loyal_customers_with_high_recency,5
50,12500.0,Diamond,most_important_customers,5
51,12501.0,Platinum,loyal_customers_with_high_monetary,5
52,12502.0,Gold,new_customers_with_high_monetary,5
53,12503.0,Bronze,inactive_customer,0
54,12505.0,Silver,new_customers,5
55,12507.0,Gold,new_customers_with_high_monetary,5
56,12510.0,Silver,high_monetary,5
57,12515.0,Silver,high_monetary,0
58,12523.0,Bronze,inactive_customer,0
59,12524.0,Bronze,inactive_customer,0
60,12527.0,Platinum,loyal_customers_with_high_recency,5
61,12528.0,Silver,high_monetary,5
62,12530.0,Silver,high_monetary,0
63,12535.0,Gold,new_customers_with_high_monetary,4
64,12539.0,Platinum,loyal_customers_with_high_monetary,1
65,12540.0,Diamond,most_important_customers,4
66,12551.0,Bronze,inactive_customer,0
67,12553.0,Diamond,most_important_customers,1
68,12557.0,Silver,high_monetary,0
69,12559.0,Platinum,loyal_customers_with_high_monetary,1
70,12561.0,Silver,new_customers,5
71,12567.0,Diamond,most_important_customers,4
72,12574.0,Silver,inactive_customer,5
73,12576.0,Silver,new_customers,5
74,12578.0,Platinum,loyal_customers_with_high_monetary,1
75,12583.0,Diamond,most_important_customers,1
76,12584.0,Silver,new_customers,4
77,12585.0,Gold,loyal_customers_with_high_monetary,0
78,12591.0,Silver,high_monetary,5
79,12594.0,Platinum,most_important_customers,5
80,12599.0,Silver,new_customers,5
81,12600.0,Platinum,most_important_customers,5
82,12601.0,Gold,loyal_customers_with_high_recency,5
83,12609.0,Diamond,most_important_customers,4
84,12616.0,Silver,new_customers,5
85,12621.0,Platinum,most_important_customers,5
86,12625.0,Platinum,most_important_customers,5
87,12626.0,Platinum,loyal_customers_with_high_monetary,1
88,12633.0,Silver,new_customers,4
89,12637.0,Platinum,loyal_customers_with_high_monetary,5
90,12643.0,Silver,high_monetary,0
91,12645.0,Silver,high_monetary,5
92,12647.0,Bronze,inactive_customer,0
93,12651.0,Bronze,inactive_customer,0
94,12652.0,Platinum,loyal_customers_with_high_monetary,5
95,12653.0,Gold,new_customers_with_high_monetary,5
96,12654.0,Silver,new_customers,5
97,12662.0,Gold,loyal_customers_with_high_recency,5
98,12664.0,Silver,high_monetary,5
99,12665.0,Silver,loyal_customers_with_low_recency_&_monetary,5
100,12668.0,Platinum,loyal_customers_with_high_monetary,5
101,12672.0,Bronze,inactive_customer,0
102,12673.0,Bronze,inactive_customer,0
103,12676.0,Silver,high_monetary,5
104,12678.0,Silver,loyal_customers_with_low_recency_&_monetary,0
105,12679.0,Platinum,new_customers_with_high_monetary,5
106,12681.0,Platinum,loyal_customers_with_high_monetary,6
107,12682.0,Platinum,loyal_customers_with_high_monetary,1
108,12683.0,Diamond,most_important_customers,4
109,12686.0,Bronze,inactive_customer,0
110,12691.0,Platinum,loyal_customers_with_high_monetary,1
111,12693.0,Bronze,inactive_customer,5
112,12705.0,Silver,high_monetary,0
113,12707.0,Gold,new_customers_with_high_monetary,5
114,12708.0,Bronze,inactive_customer,0
115,12709.0,Diamond,most_important_customers,1
116,12712.0,Platinum,most_important_customers,1
117,12714.0,Platinum,new_customers_with_high_monetary,5
118,12720.0,Platinum,most_important_customers,1
119,12721.0,Platinum,most_important_customers,5
120,12724.0,Bronze,inactive_customer,0
121,12726.0,Diamond,most_important_customers,4
122,12727.0,Diamond,most_important_customers,1
123,12728.0,Bronze,inactive_customer,0
124,12731.0,Gold,high_monetary,5
125,12734.0,Bronze,inactive_customer,0
126,12735.0,Platinum,loyal_customers_with_high_monetary,5
127,12736.0,Bronze,inactive_customer,0
128,12744.0,Gold,high_monetary,5
129,12747.0,Platinum,most_important_customers,5
130,12748.0,Diamond,most_important_customers,8
131,12753.0,Diamond,most_important_customers,1
132,12754.0,Silver,new_customers,5
133,12757.0,Gold,new_customers,4
134,12764.0,Gold,high_monetary,5
135,12766.0,Silver,high_monetary,0
136,12775.0,Gold,loyal_customers_with_high_recency,5
137,12778.0,Bronze,inactive_customer,5
138,12779.0,Platinum,most_important_customers,5
139,12782.0,Platinum,loyal_customers_with_high_monetary,1
140,12793.0,Silver,high_monetary,0
141,12802.0,Gold,new_customers_with_high_monetary,4
142,12820.0,Bronze,inactive_customer,0
143,12823.0,Silver,new_customers,5
144,12826.0,Gold,loyal_customers_with_high_monetary,5
145,12829.0,Gold,loyal_customers_with_low_recency_&_monetary,5
146,12834.0,Gold,new_customers,5
147,12836.0,Gold,high_monetary,5
148,12839.0,Gold,loyal_customers_with_high_monetary,0
149,12841.0,Diamond,most_important_customers,1
150,12842.0,Silver,new_customers,5
151,12843.0,Gold,new_customers_with_high_monetary,4
152,12852.0,Gold,new_customers,5
153,12853.0,Gold,loyal_customers_with_high_monetary,5
154,12854.0,Gold,loyal_customers_with_high_monetary,5
155,12857.0,Gold,new_customers_with_high_monetary,5
156,12866.0,Gold,new_customers_with_high_monetary,5
157,12867.0,Gold,new_customers_with_high_monetary,5
158,12868.0,Diamond,most_important_customers,4
159,12870.0,Bronze,inactive_customer,0
160,12872.0,Bronze,inactive_customer,0
161,12873.0,Gold,new_customers_with_high_monetary,5
162,12877.0,Bronze,inactive_customer,0
163,12891.0,Gold,loyal_customers_with_high_recency,4
164,12897.0,Silver,new_customers,5
165,12908.0,Gold,loyal_customers_with_low_recency_&_monetary,5
166,12913.0,Platinum,most_important_customers,5
167,12915.0,Bronze,inactive_customer,0
168,12916.0,Gold,high_monetary,5
169,12921.0,Diamond,most_important_customers,4
170,12924.0,Bronze,inactive_customer,0
171,12929.0,Bronze,inactive_customer,5
172,12931.0,Diamond,most_important_customers,1
173,12935.0,Silver,high_monetary,5
174,12939.0,Platinum,most_important_customers,1
175,12943.0,Silver,new_customers,5
176,12944.0,Bronze,inactive_customer,0
177,12947.0,Gold,loyal_customers_with_low_recency_&_monetary,5
178,12951.0,Platinum,loyal_customers_with_high_recency,1
179,12956.0,Silver,new_customers,5
180,12957.0,Diamond,most_important_customers,4
181,12963.0,Silver,new_customers,5
182,12967.0,Diamond,most_important_customers,1
183,12970.0,Silver,loyal_customers_with_low_recency_&_monetary,5
184,12971.0,Diamond,most_important_customers,3
185,12980.0,Diamond,most_important_customers,1
186,12988.0,Gold,new_customers_with_high_monetary,5
187,12989.0,Diamond,most_important_customers,1
188,12990.0,Platinum,loyal_customers_with_high_recency,4
189,12993.0,Silver,new_customers,5
190,12997.0,Gold,loyal_customers_with_low_recency_&_monetary,5
191,13001.0,Diamond,most_important_customers,6
192,13002.0,Bronze,inactive_customer,5
193,13004.0,Diamond,most_important_customers,1
194,13008.0,Silver,inactive_customer,5
195,13012.0,Gold,new_customers_with_high_monetary,5
196,13018.0,Platinum,loyal_customers_with_high_recency,5
197,13021.0,Silver,new_customers,5
198,13027.0,Silver,high_monetary,0
199,13029.0,Silver,high_monetary,0
200,13033.0,Bronze,inactive_customer,0
201,13047.0,Platinum,most_important_customers,5
202,13048.0,Silver,high_monetary,0
203,13049.0,Bronze,inactive_customer,5
204,13050.0,Diamond,most_important_customers,3
205,13064.0,Bronze,inactive_customer,0
206,13068.0,Bronze,inactive_customer,5
207,13069.0,Platinum,most_important_customers,5
208,13077.0,Bronze,inactive_customer,0
209,13078.0,Diamond,most_important_customers,6
210,13081.0,Platinum,loyal_customers_with_high_monetary,1
211,13082.0,Silver,high_monetary,0
212,13085.0,Gold,new_customers,5
213,13089.0,Diamond,most_important_customers,8
214,13090.0,Gold,loyal_customers_with_low_recency_&_monetary,1
215,13093.0,Diamond,most_important_customers,6
216,13094.0,Platinum,loyal_customers_with_high_recency,4
217,13097.0,Diamond,most_important_customers,1
218,13098.0,Diamond,most_important_customers,4
219,13102.0,Diamond,most_important_customers,6
220,13104.0,Bronze,inactive_customer,0
221,13107.0,Gold,loyal_customers_with_high_monetary,0
222,13110.0,Diamond,most_important_customers,1
223,13113.0,Diamond,most_important_customers,1
224,13115.0,Gold,loyal_customers_with_high_recency,1
225,13117.0,Gold,loyal_customers_with_low_recency_&_monetary,5
226,13126.0,Silver,loyal_customers_with_low_recency_&_monetary,0
227,13133.0,Silver,new_customers,5
228,13137.0,Silver,new_customers,5
229,13138.0,Bronze,inactive_customer,0
230,13140.0,Bronze,inactive_customer,0
231,13141.0,Platinum,loyal_customers_with_high_monetary,1
232,13144.0,Bronze,inactive_customer,0
233,13148.0,Platinum,loyal_customers_with_high_monetary,6
234,13151.0,Platinum,new_customers_with_high_monetary,5
235,13155.0,Bronze,inactive_customer,0
236,13157.0,Silver,new_customers,5
237,13158.0,Silver,inactive_customer,5
238,13161.0,Bronze,inactive_customer,5
239,13162.0,Gold,loyal_customers_with_high_monetary,0
240,13165.0,Silver,high_monetary,0
241,13166.0,Platinum,most_important_customers,5
242,13168.0,Diamond,most_important_customers,5
243,13171.0,Silver,new_customers,5
244,13174.0,Silver,high_monetary,5
245,13178.0,Gold,new_customers_with_high_monetary,5
246,13183.0,Silver,high_monetary,0
247,13187.0,Bronze,inactive_customer,0
248,13198.0,Gold,high_monetary,5
249,13199.0,Diamond,most_important_customers,6
250,13208.0,Silver,new_customers,5
251,13209.0,Silver,loyal_customers_with_low_recency_&_monetary,5
252,13220.0,Silver,new_customers,4
253,13225.0,Silver,high_monetary,0
254,13230.0,Diamond,most_important_customers,1
255,13233.0,Bronze,inactive_customer,0
256,13246.0,Diamond,most_important_customers,1
257,13253.0,Silver,high_monetary,0
258,13263.0,Platinum,most_important_customers,5
259,13266.0,Gold,new_customers,4
260,13267.0,Gold,loyal_customers_with_high_monetary,1
261,13270.0,Silver,high_monetary,0
262,13280.0,Gold,loyal_customers_with_high_monetary,5
263,13283.0,Silver,new_customers,4
264,13284.0,Gold,loyal_customers_with_low_recency_&_monetary,5
265,13301.0,Silver,new_customers,5
266,13304.0,Bronze,inactive_customer,0
267,13305.0,Gold,loyal_customers_with_high_recency,5
268,13309.0,Gold,new_customers_with_high_monetary,5
269,13310.0,Gold,loyal_customers_with_high_monetary,5
270,13313.0,Bronze,inactive_customer,0
271,13319.0,Diamond,most_important_customers,3
272,13324.0,Silver,high_monetary,5
273,13327.0,Platinum,most_important_customers,4
274,13328.0,Gold,high_monetary,5
275,13329.0,Bronze,inactive_customer,0
276,13330.0,Diamond,most_important_customers,4
277,13334.0,Gold,new_customers_with_high_monetary,5
278,13368.0,Bronze,inactive_customer,0
279,13369.0,Bronze,inactive_customer,0
280,13370.0,Gold,loyal_customers_with_high_monetary,0
281,13381.0,Gold,new_customers_with_high_monetary,5
282,13385.0,Silver,high_monetary,0
283,13394.0,Silver,new_customers,5
284,13395.0,Gold,new_customers,4
285,13396.0,Gold,loyal_customers_with_high_monetary,5
286,13397.0,Platinum,most_important_customers,5
287,13405.0,Bronze,inactive_customer,5
288,13408.0,Diamond,most_important_customers,6
289,13410.0,Gold,loyal_customers_with_high_recency,4
290,13414.0,Gold,new_customers_with_high_monetary,5
291,13425.0,Gold,new_customers_with_high_monetary,5
292,13426.0,Bronze,inactive_customer,0
293,13451.0,Silver,high_monetary,0
294,13455.0,Bronze,inactive_customer,0
295,13458.0,Diamond,most_important_customers,4
296,13468.0,Platinum,most_important_customers,1
297,13473.0,Silver,loyal_customers_with_low_recency_&_monetary,0
298,13475.0,Silver,new_customers,5
299,13476.0,Silver,new_customers,4
300,13477.0,Silver,new_customers,5
301,13487.0,Bronze,inactive_customer,0
302,13488.0,Diamond,most_important_customers,1
303,13489.0,Silver,new_customers,5
304,13491.0,Platinum,most_important_customers,1
305,13494.0,Silver,inactive_customer,5
306,13496.0,Bronze,inactive_customer,0
307,13497.0,Gold,new_customers,5
308,13502.0,Bronze,inactive_customer,5
309,13506.0,Silver,loyal_customers_with_low_recency_&_monetary,5
310,13520.0,Diamond,most_important_customers,4
311,13527.0,Bronze,inactive_customer,0
312,13531.0,Bronze,inactive_customer,0
313,13534.0,Diamond,most_important_customers,3
314,13538.0,Bronze,inactive_customer,5
315,13539.0,Silver,new_customers,5
316,13551.0,Bronze,inactive_customer,5
317,13552.0,Platinum,loyal_customers_with_high_recency,4
318,13564.0,Gold,loyal_customers_with_high_monetary,0
319,13565.0,Bronze,inactive_customer,0
320,13571.0,Silver,new_customers,4
321,13576.0,Diamond,most_important_customers,1
322,13581.0,Silver,new_customers,5
323,13584.0,Silver,new_customers,5
324,13590.0,Silver,new_customers,5
325,13593.0,Silver,high_monetary,0
326,13599.0,Diamond,most_important_customers,1
327,13600.0,Silver,inactive_customer,5
328,13606.0,Bronze,inactive_customer,5
329,13614.0,Bronze,inactive_customer,0
330,13615.0,Gold,loyal_customers_with_high_monetary,5
331,13623.0,Gold,loyal_customers_with_high_recency,5
332,13627.0,Bronze,inactive_customer,0
333,13629.0,Platinum,loyal_customers_with_high_monetary,5
334,13634.0,Silver,high_monetary,0
335,13643.0,Silver,new_customers,4
336,13649.0,Bronze,inactive_customer,0
337,13656.0,Bronze,inactive_customer,0
338,13659.0,Gold,high_monetary,5
339,13668.0,Diamond,most_important_customers,1
340,13672.0,Platinum,loyal_customers_with_high_recency,6
341,13680.0,Platinum,loyal_customers_with_high_monetary,1
342,13693.0,Silver,loyal_customers_with_low_recency_&_monetary,5
343,13694.0,Diamond,most_important_customers,6
344,13700.0,Silver,loyal_customers_with_low_recency_&_monetary,5
345,13703.0,Bronze,inactive_customer,5
346,13706.0,Silver,new_customers,5
347,13707.0,Silver,high_monetary,5
348,13709.0,Silver,high_monetary,5
349,13715.0,Gold,loyal_customers_with_high_monetary,0
350,13717.0,Silver,new_customers,5
351,13718.0,Silver,new_customers,5
352,13722.0,Platinum,new_customers_with_high_monetary,5
353,13725.0,Diamond,most_important_customers,1
354,13728.0,Bronze,inactive_customer,5
355,13742.0,Diamond,most_important_customers,1
356,13744.0,Platinum,new_customers_with_high_monetary,5
357,13750.0,Platinum,most_important_customers,5
358,13752.0,Silver,new_customers,4
359,13754.0,Bronze,inactive_customer,5
360,13758.0,Gold,loyal_customers_with_high_monetary,0
361,13764.0,Silver,high_monetary,0
362,13767.0,Diamond,most_important_customers,6
363,13769.0,Gold,loyal_customers_with_low_recency_&_monetary,5
364,13777.0,Diamond,most_important_customers,6
365,13782.0,Bronze,inactive_customer,0
366,13784.0,Diamond,most_important_customers,4
367,13798.0,Diamond,most_important_customers,3
368,13799.0,Gold,new_customers_with_high_monetary,5
369,13800.0,Gold,new_customers_with_high_monetary,5
370,13802.0,Gold,high_monetary,5
371,13807.0,Bronze,inactive_customer,0
372,13809.0,Silver,new_customers,5
373,13815.0,Gold,high_monetary,5
374,13817.0,Bronze,inactive_customer,0
375,13819.0,Diamond,most_important_customers,1
376,13824.0,Gold,new_customers_with_high_monetary,5
377,13837.0,Bronze,inactive_customer,5
378,13842.0,Platinum,most_important_customers,5
379,13848.0,Platinum,most_important_customers,5
380,13854.0,Diamond,most_important_customers,6
381,13859.0,Silver,inactive_customer,0
382,13862.0,Diamond,most_important_customers,4
383,13865.0,Silver,new_customers,4
384,13869.0,Platinum,loyal_customers_with_high_monetary,5
385,13871.0,Gold,new_customers_with_high_monetary,5
386,13873.0,Gold,loyal_customers_with_high_recency,5
387,13874.0,Silver,high_monetary,0
388,13875.0,Gold,new_customers_with_high_monetary,5
389,13880.0,Platinum,most_important_customers,4
390,13881.0,Gold,high_monetary,5
391,13883.0,Bronze,inactive_customer,0
392,13884.0,Silver,new_customers,5
393,13890.0,Bronze,inactive_customer,5
394,13893.0,Gold,new_customers_with_high_monetary,5
395,13894.0,Gold,loyal_customers_with_high_recency,5
396,13898.0,Bronze,inactive_customer,0
397,13901.0,Silver,inactive_customer,5
398,13904.0,Gold,new_customers,5
399,13911.0,Platinum,most_important_customers,5
400,13922.0,Bronze,inactive_customer,0
401,13929.0,Gold,loyal_customers_with_high_monetary,5
402,13932.0,Gold,new_customers,5
403,13939.0,Gold,loyal_customers_with_high_recency,5
404,13941.0,Gold,new_customers_with_high_monetary,5
405,13951.0,Gold,new_customers,5
406,13953.0,Silver,high_monetary,0
407,13955.0,Silver,new_customers,5
408,13963.0,Platinum,most_important_customers,1
409,13969.0,Silver,high_monetary,5
410,13982.0,Silver,high_monetary,0
411,13983.0,Diamond,most_important_customers,4
412,13984.0,Gold,loyal_customers_with_low_recency_&_monetary,5
413,13993.0,Bronze,inactive_customer,0
414,13999.0,Silver,inactive_customer,5
415,14006.0,Silver,inactive_customer,5
416,14016.0,Silver,high_monetary,0
417,14030.0,Platinum,most_important_customers,5
418,14031.0,Diamond,most_important_customers,1
419,14032.0,Silver,loyal_customers_with_low_recency_&_monetary,0
420,14035.0,Silver,new_customers,5
421,14040.0,Platinum,loyal_customers_with_high_monetary,1
422,14044.0,Silver,new_customers,5
423,14045.0,Gold,loyal_customers_with_high_monetary,0
424,14047.0,Silver,loyal_customers_with_low_recency_&_monetary,0
425,14048.0,Gold,new_customers_with_high_monetary,5
426,14049.0,Platinum,loyal_customers_with_high_monetary,5
427,14051.0,Diamond,most_important_customers,1
428,14057.0,Gold,new_customers_with_high_monetary,5
429,14060.0,Platinum,loyal_customers_with_high_monetary,1
430,14062.0,Platinum,loyal_customers_with_high_monetary,1
431,14068.0,Silver,inactive_customer,5
432,14081.0,Platinum,most_important_customers,5
433,14083.0,Silver,loyal_customers_with_low_recency_&_monetary,0
434,14085.0,Diamond,most_important_customers,1
435,14088.0,Gold,high_monetary,5
436,14090.0,Bronze,inactive_customer,5
437,14092.0,Platinum,loyal_customers_with_high_monetary,1
438,14099.0,Diamond,most_important_customers,1
439,14101.0,Diamond,most_important_customers,5
440,14107.0,Platinum,most_important_customers,1
441,14113.0,Platinum,loyal_customers_with_high_monetary,1
442,14114.0,Bronze,inactive_customer,0
443,14119.0,Bronze,inactive_customer,0
444,14127.0,Silver,new_customers,5
445,14130.0,Silver,high_monetary,5
446,14133.0,Platinum,loyal_customers_with_high_recency,1
447,14135.0,Diamond,most_important_customers,4
448,14146.0,Platinum,loyal_customers_with_high_monetary,5
449,14156.0,Diamond,most_important_customers,7
450,14159.0,Bronze,inactive_customer,0
451,14161.0,Gold,new_customers,5
452,14162.0,Silver,new_customers,5
453,14167.0,Bronze,inactive_customer,0
454,14175.0,Gold,loyal_customers_with_low_recency_&_monetary,1
455,14176.0,Platinum,most_important_customers,1
456,14180.0,Diamond,most_important_customers,3
457,14185.0,Bronze,inactive_customer,0
458,14188.0,Gold,new_customers_with_high_monetary,5
459,14189.0,Platinum,most_important_customers,1
460,14191.0,Gold,new_customers_with_high_monetary,4
461,14194.0,Gold,new_customers_with_high_monetary,5
462,14201.0,Silver,new_customers,4
463,14209.0,Silver,high_monetary,0
464,14210.0,Platinum,most_important_customers,5
465,14211.0,Silver,new_customers,5
466,14213.0,Bronze,inactive_customer,0
467,14215.0,Diamond,most_important_customers,4
468,14217.0,Diamond,most_important_customers,4
469,14220.0,Bronze,inactive_customer,0
470,14221.0,Bronze,inactive_customer,0
471,14224.0,Silver,inactive_customer,5
472,14227.0,Silver,new_customers,4
473,14229.0,Diamond,most_important_customers,1
474,14231.0,Silver,new_customers,5
475,14232.0,Gold,new_customers,4
476,14233.0,Gold,loyal_customers_with_high_monetary,5
477,14236.0,Bronze,inactive_customer,0
478,14238.0,Bronze,inactive_customer,0
479,14239.0,Platinum,most_important_customers,5
480,14242.0,Bronze,inactive_customer,0
481,14243.0,Diamond,most_important_customers,1
482,14247.0,Silver,new_customers,5
483,14248.0,Silver,inactive_customer,5
484,14257.0,Diamond,most_important_customers,4
485,14258.0,Platinum,most_important_customers,1
486,14270.0,Silver,high_monetary,0
487,14290.0,Bronze,inactive_customer,5
488,14292.0,Diamond,most_important_customers,4
489,14293.0,Silver,new_customers,5
490,14295.0,Bronze,inactive_customer,0
491,14298.0,Diamond,most_important_customers,6
492,14299.0,Platinum,loyal_customers_with_high_monetary,6
493,14304.0,Silver,new_customers,5
494,14307.0,Silver,high_monetary,5
495,14309.0,Platinum,most_important_customers,1
496,14312.0,Diamond,most_important_customers,4
497,14320.0,Gold,loyal_customers_with_high_monetary,5
498,14321.0,Bronze,inactive_customer,0
499,14329.0,Silver,high_monetary,0
500,14334.0,Gold,loyal_customers_with_high_monetary,5
501,14341.0,Gold,loyal_customers_with_low_recency_&_monetary,1
502,14344.0,Bronze,inactive_customer,0
503,14346.0,Silver,new_customers,5
504,14368.0,Bronze,inactive_customer,5
505,14371.0,Silver,new_customers,5
506,14373.0,Bronze,inactive_customer,0
507,14375.0,Gold,new_customers,4
508,14379.0,Silver,new_customers,5
509,14386.0,Silver,new_customers,5
510,14388.0,Diamond,most_important_customers,1
511,14389.0,Bronze,inactive_customer,5
512,14390.0,Silver,loyal_customers_with_low_recency_&_monetary,0
513,14395.0,Silver,high_monetary,0
514,14401.0,Silver,inactive_customer,5
515,14404.0,Silver,loyal_customers_with_low_recency_&_monetary,5
516,14409.0,Silver,inactive_customer,5
517,14410.0,Silver,new_customers,5
518,14411.0,Gold,high_monetary,5
519,14415.0,Diamond,most_important_customers,1
520,14426.0,Platinum,loyal_customers_with_high_monetary,1
521,14428.0,Silver,inactive_customer,5
522,14431.0,Platinum,most_important_customers,5
523,14438.0,Silver,new_customers,5
524,14439.0,Gold,high_monetary,5
525,14440.0,Silver,high_monetary,5
526,14441.0,Gold,loyal_customers_with_high_recency,5
527,14442.0,Gold,loyal_customers_with_high_monetary,5
528,14443.0,Gold,loyal_customers_with_high_recency,5
529,14448.0,Bronze,inactive_customer,0
530,14449.0,Bronze,inactive_customer,0
531,14450.0,Bronze,inactive_customer,5
532,14457.0,Bronze,inactive_customer,5
533,14460.0,Silver,loyal_customers_with_low_recency_&_monetary,5
534,14462.0,Diamond,most_important_customers,4
535,14465.0,Gold,new_customers_with_high_monetary,5
536,14466.0,Diamond,most_important_customers,4
537,14467.0,Bronze,inactive_customer,5
538,14472.0,Gold,loyal_customers_with_high_monetary,0
539,14473.0,Silver,new_customers,5
540,14475.0,Diamond,most_important_customers,4
541,14477.0,Silver,new_customers,5
542,14483.0,Silver,new_customers,5
543,14491.0,Bronze,inactive_customer,0
544,14496.0,Silver,inactive_customer,5
545,14497.0,Platinum,most_important_customers,5
546,14498.0,Silver,new_customers,4
547,14501.0,Bronze,inactive_customer,5
548,14502.0,Diamond,most_important_customers,1
549,14504.0,Silver,new_customers,5
550,14505.0,Silver,loyal_customers_with_low_recency_&_monetary,0
551,14506.0,Gold,new_customers,5
552,14514.0,Bronze,inactive_customer,0
553,14525.0,Diamond,most_important_customers,4
554,14527.0,Diamond,most_important_customers,3
555,14530.0,Diamond,most_important_customers,4
556,14532.0,Gold,loyal_customers_with_high_monetary,5
557,14533.0,Silver,high_monetary,0
558,14534.0,Diamond,most_important_customers,4
559,14540.0,Silver,new_customers,5
560,14541.0,Gold,loyal_customers_with_high_monetary,5
561,14542.0,Silver,new_customers,4
562,14543.0,Diamond,most_important_customers,4
563,14548.0,Silver,inactive_customer,5
564,14549.0,Silver,inactive_customer,5
565,14553.0,Bronze,inactive_customer,0
566,14555.0,Silver,new_customers,5
567,14560.0,Diamond,most_important_customers,6
568,14562.0,Silver,new_customers,5
569,14572.0,Gold,loyal_customers_with_low_recency_&_monetary,5
570,14573.0,Silver,high_monetary,0
571,14577.0,Silver,high_monetary,0
572,14583.0,Silver,new_customers,4
573,14587.0,Platinum,most_important_customers,1
574,14595.0,Bronze,inactive_customer,5
575,14600.0,Gold,new_customers_with_high_monetary,5
576,14606.0,Diamond,most_important_customers,8
577,14609.0,Silver,new_customers,5
578,14616.0,Silver,inactive_customer,5
579,14618.0,Silver,loyal_customers_with_low_recency_&_monetary,0
580,14623.0,Gold,new_customers,4
581,14625.0,Gold,loyal_customers_with_high_recency,4
582,14627.0,Bronze,inactive_customer,5
583,14631.0,Silver,new_customers,5
584,14639.0,Gold,loyal_customers_with_high_recency,5
585,14643.0,Gold,loyal_customers_with_high_monetary,0
586,14644.0,Silver,new_customers,5
587,14646.0,Diamond,most_important_customers,2
588,14653.0,Silver,high_monetary,0
589,14656.0,Silver,new_customers,5
590,14657.0,Diamond,most_important_customers,1
591,14659.0,Diamond,most_important_customers,1
592,14662.0,Bronze,inactive_customer,5
593,14665.0,Diamond,most_important_customers,1
594,14667.0,Diamond,most_important_customers,1
595,14669.0,Gold,loyal_customers_with_high_monetary,0
596,14672.0,Bronze,inactive_customer,0
597,14676.0,Platinum,most_important_customers,5
598,14679.0,Bronze,inactive_customer,0
599,14680.0,Diamond,most_important_customers,6
600,14688.0,Diamond,most_important_customers,6
601,14692.0,Platinum,most_important_customers,1
602,14696.0,Silver,inactive_customer,0
603,14701.0,Platinum,most_important_customers,1
604,14702.0,Diamond,most_important_customers,1
605,14709.0,Platinum,loyal_customers_with_high_monetary,1
606,14711.0,Silver,new_customers,4
607,14713.0,Diamond,most_important_customers,4
608,14715.0,Gold,loyal_customers_with_high_recency,5
609,14723.0,Bronze,inactive_customer,0
610,14732.0,Platinum,most_important_customers,4
611,14733.0,Diamond,most_important_customers,6
612,14735.0,Diamond,most_important_customers,1
613,14737.0,Silver,high_monetary,0
614,14738.0,Silver,inactive_customer,5
615,14739.0,Bronze,inactive_customer,0
616,14744.0,Platinum,most_important_customers,1
617,14745.0,Gold,new_customers_with_high_monetary,4
618,14748.0,Bronze,inactive_customer,0
619,14754.0,Silver,new_customers,5
620,14755.0,Platinum,most_important_customers,5
621,14760.0,Gold,loyal_customers_with_high_recency,5
622,14761.0,Bronze,inactive_customer,0
623,14766.0,Bronze,inactive_customer,0
624,14769.0,Platinum,loyal_customers_with_high_monetary,1
625,14770.0,Silver,inactive_customer,5
626,14776.0,Silver,high_monetary,5
627,14777.0,Bronze,inactive_customer,0
628,14778.0,Silver,new_customers,5
629,14779.0,Gold,loyal_customers_with_high_monetary,5
630,14782.0,Silver,inactive_customer,5
631,14784.0,Bronze,inactive_customer,5
632,14794.0,Bronze,inactive_customer,0
633,14796.0,Diamond,most_important_customers,1
634,14798.0,Silver,new_customers,5
635,14800.0,Gold,loyal_customers_with_high_monetary,0
636,14803.0,Gold,new_customers_with_high_monetary,5
637,14805.0,Bronze,inactive_customer,5
638,14810.0,Gold,loyal_customers_with_high_recency,5
639,14821.0,Bronze,inactive_customer,0
640,14825.0,Silver,new_customers,5
641,14828.0,Silver,high_monetary,0
642,14842.0,Platinum,loyal_customers_with_high_recency,4
643,14849.0,Diamond,most_important_customers,1
644,14850.0,Gold,loyal_customers_with_low_recency_&_monetary,5
645,14866.0,Bronze,inactive_customer,0
646,14867.0,Platinum,most_important_customers,4
647,14878.0,Silver,new_customers,5
648,14880.0,Gold,new_customers,4
649,14889.0,Bronze,inactive_customer,0
650,14895.0,Bronze,inactive_customer,5
651,14897.0,Silver,new_customers,5
652,14898.0,Gold,loyal_customers_with_high_recency,5
653,14901.0,Bronze,inactive_customer,0
654,14911.0,Diamond,most_important_customers,8
655,14916.0,Silver,inactive_customer,5
656,14934.0,Platinum,new_customers_with_high_monetary,5
657,14935.0,Gold,new_customers_with_high_monetary,5
658,14944.0,Diamond,most_important_customers,4
659,14952.0,Platinum,most_important_customers,5
660,14958.0,Gold,new_customers,4
661,14959.0,Silver,new_customers,5
662,14961.0,Platinum,most_important_customers,5
663,14970.0,Silver,inactive_customer,5
664,14976.0,Bronze,inactive_customer,0
665,14978.0,Gold,loyal_customers_with_high_monetary,5
666,14985.0,Bronze,inactive_customer,0
667,15002.0,Platinum,most_important_customers,5
668,15005.0,Platinum,most_important_customers,1
669,15021.0,Bronze,inactive_customer,0
670,15023.0,Silver,high_monetary,5
671,15024.0,Gold,loyal_customers_with_high_recency,5
672,15031.0,Silver,new_customers,5
673,15033.0,Silver,high_monetary,0
674,15034.0,Gold,loyal_customers_with_high_monetary,0
675,15039.0,Diamond,most_important_customers,3
676,15044.0,Diamond,most_important_customers,6
677,15046.0,Diamond,most_important_customers,1
678,15052.0,Silver,inactive_customer,5
679,15057.0,Gold,high_monetary,5
680,15058.0,Platinum,most_important_customers,1
681,15059.0,Platinum,most_important_customers,1
682,15061.0,Diamond,most_important_customers,8
683,15067.0,Platinum,new_customers_with_high_monetary,5
684,15070.0,Bronze,inactive_customer,0
685,15073.0,Diamond,most_important_customers,4
686,15078.0,Platinum,loyal_customers_with_high_monetary,1
687,15079.0,Silver,high_monetary,5
688,15081.0,Bronze,inactive_customer,0
689,15087.0,Gold,new_customers,5
690,15090.0,Gold,new_customers_with_high_monetary,5
691,15092.0,Gold,new_customers,5
692,15093.0,Silver,high_monetary,0
693,15095.0,Silver,new_customers,4
694,15100.0,Silver,loyal_customers_with_low_recency_&_monetary,1
695,15101.0,Bronze,inactive_customer,0
696,15104.0,Gold,new_customers_with_high_monetary,5
697,15107.0,Gold,loyal_customers_with_low_recency_&_monetary,6
698,15108.0,Silver,new_customers,4
699,15110.0,Bronze,inactive_customer,5
700,15111.0,Bronze,inactive_customer,0
701,15114.0,Silver,new_customers,5
702,15122.0,Platinum,most_important_customers,5
703,15129.0,Gold,new_customers_with_high_monetary,5
704,15133.0,Silver,new_customers,5
705,15139.0,Bronze,inactive_customer,0
706,15144.0,Silver,high_monetary,5
707,15150.0,Platinum,new_customers_with_high_monetary,4
708,15157.0,Gold,loyal_customers_with_high_monetary,0
709,15159.0,Platinum,loyal_customers_with_high_monetary,5
710,15160.0,Bronze,inactive_customer,0
711,15164.0,Bronze,inactive_customer,0
712,15167.0,Bronze,inactive_customer,5
713,15171.0,Platinum,loyal_customers_with_high_monetary,5
714,15174.0,Bronze,inactive_customer,5
715,15179.0,Platinum,loyal_customers_with_high_monetary,5
716,15189.0,Diamond,most_important_customers,3
717,15194.0,Platinum,loyal_customers_with_high_monetary,1
718,15197.0,Gold,loyal_customers_with_high_monetary,0
719,15199.0,Gold,new_customers_with_high_monetary,5
720,15203.0,Silver,inactive_customer,5
721,15204.0,Bronze,inactive_customer,0
722,15208.0,Bronze,inactive_customer,0
723,15213.0,Gold,loyal_customers_with_low_recency_&_monetary,1
724,15215.0,Bronze,inactive_customer,5
725,15218.0,Silver,high_monetary,5
726,15222.0,Silver,high_monetary,5
727,15224.0,Silver,loyal_customers_with_low_recency_&_monetary,0
728,15226.0,Bronze,inactive_customer,5
729,15227.0,Silver,inactive_customer,5
730,15228.0,Platinum,new_customers_with_high_monetary,5
731,15235.0,Diamond,most_important_customers,6
732,15236.0,Silver,new_customers,5
733,15240.0,Platinum,loyal_customers_with_high_recency,1
734,15257.0,Gold,new_customers,5
735,15260.0,Diamond,most_important_customers,4
736,15262.0,Bronze,inactive_customer,5
737,15266.0,Bronze,inactive_customer,0
738,15270.0,Diamond,most_important_customers,1
739,15271.0,Bronze,inactive_customer,0
740,15279.0,Bronze,inactive_customer,0
741,15281.0,Diamond,most_important_customers,4
742,15290.0,Diamond,most_important_customers,1
743,15291.0,Platinum,loyal_customers_with_high_monetary,1
744,15296.0,Silver,high_monetary,0
745,15298.0,Gold,loyal_customers_with_high_monetary,5
746,15299.0,Silver,new_customers,5
747,15301.0,Platinum,most_important_customers,4
748,15304.0,Silver,new_customers,5
749,15311.0,Diamond,most_important_customers,8
750,15312.0,Silver,loyal_customers_with_low_recency_&_monetary,0
751,15316.0,Bronze,inactive_customer,0
752,15319.0,Gold,new_customers,5
753,15326.0,Bronze,inactive_customer,0
754,15339.0,Silver,inactive_customer,5
755,15346.0,Bronze,inactive_customer,0
756,15347.0,Bronze,inactive_customer,0
757,15349.0,Silver,new_customers,4
758,15356.0,Silver,new_customers,5
759,15358.0,Diamond,most_important_customers,6
760,15363.0,Bronze,inactive_customer,0
761,15365.0,Silver,inactive_customer,5
762,15366.0,Bronze,inactive_customer,0
763,15370.0,Platinum,most_important_customers,5
764,15373.0,Gold,loyal_customers_with_low_recency_&_monetary,5
765,15379.0,Diamond,most_important_customers,4
766,15382.0,Diamond,most_important_customers,4
767,15386.0,Gold,new_customers_with_high_monetary,4
768,15392.0,Bronze,inactive_customer,0
769,15395.0,Bronze,inactive_customer,5
770,15406.0,Silver,new_customers,5
771,15407.0,Silver,new_customers,5
772,15415.0,Silver,high_monetary,5
773,15416.0,Platinum,new_customers_with_high_monetary,5
774,15421.0,Silver,new_customers,5
775,15422.0,Silver,loyal_customers_with_low_recency_&_monetary,5
776,15443.0,Silver,high_monetary,5
777,15447.0,Bronze,inactive_customer,0
778,15448.0,Silver,high_monetary,5
779,15449.0,Gold,new_customers,4
780,15456.0,Platinum,loyal_customers_with_high_recency,5
781,15460.0,Bronze,inactive_customer,0
782,15464.0,Silver,high_monetary,0
783,15465.0,Diamond,most_important_customers,1
784,15485.0,Bronze,inactive_customer,0
785,15497.0,Platinum,loyal_customers_with_high_monetary,5
786,15498.0,Diamond,most_important_customers,4
787,15503.0,Bronze,inactive_customer,0
788,15510.0,Bronze,inactive_customer,0
789,15513.0,Diamond,most_important_customers,1
790,15518.0,Platinum,loyal_customers_with_high_monetary,1
791,15527.0,Gold,loyal_customers_with_high_monetary,5
792,15529.0,Silver,inactive_customer,5
793,15532.0,Silver,high_monetary,0
794,15535.0,Gold,loyal_customers_with_low_recency_&_monetary,1
795,15544.0,Platinum,most_important_customers,5
796,15547.0,Silver,inactive_customer,5
797,15549.0,Platinum,loyal_customers_with_high_monetary,5
798,15550.0,Silver,new_customers,5
799,15554.0,Gold,new_customers,5
800,15562.0,Bronze,inactive_customer,0
801,15569.0,Bronze,inactive_customer,0
802,15570.0,Diamond,most_important_customers,1
803,15572.0,Platinum,most_important_customers,5
804,15577.0,Silver,new_customers,5
805,15579.0,Silver,inactive_customer,5
806,15581.0,Gold,loyal_customers_with_low_recency_&_monetary,1
807,15587.0,Silver,high_monetary,0
808,15589.0,Silver,inactive_customer,5
809,15596.0,Gold,loyal_customers_with_high_monetary,5
810,15601.0,Diamond,most_important_customers,6
811,15602.0,Platinum,loyal_customers_with_high_recency,6
812,15606.0,Platinum,most_important_customers,5
813,15607.0,Bronze,inactive_customer,0
814,15611.0,Bronze,inactive_customer,0
815,15615.0,Platinum,most_important_customers,5
816,15620.0,Silver,high_monetary,0
817,15622.0,Gold,new_customers_with_high_monetary,5
818,15626.0,Bronze,inactive_customer,0
819,15636.0,Gold,new_customers,5
820,15638.0,Silver,new_customers,5
821,15640.0,Diamond,most_important_customers,4
822,15641.0,Gold,new_customers_with_high_monetary,5
823,15643.0,Platinum,loyal_customers_with_high_recency,4
824,15649.0,Gold,loyal_customers_with_high_monetary,0
825,15658.0,Platinum,most_important_customers,1
826,15660.0,Silver,new_customers,5
827,15661.0,Gold,loyal_customers_with_low_recency_&_monetary,5
828,15670.0,Silver,new_customers,5
829,15673.0,Silver,high_monetary,0
830,15680.0,Silver,high_monetary,0
831,15687.0,Diamond,most_important_customers,4
832,15694.0,Gold,loyal_customers_with_high_monetary,5
833,15696.0,Diamond,most_important_customers,1
834,15708.0,Gold,loyal_customers_with_high_monetary,5
835,15713.0,Bronze,inactive_customer,0
836,15719.0,Platinum,most_important_customers,5
837,15727.0,Silver,high_monetary,0
838,15732.0,Bronze,inactive_customer,0
839,15733.0,Silver,new_customers,5
840,15737.0,Platinum,loyal_customers_with_high_recency,4
841,15738.0,Diamond,most_important_customers,1
842,15743.0,Gold,new_customers,4
843,15749.0,Gold,loyal_customers_with_high_monetary,7
844,15750.0,Gold,new_customers,5
845,15753.0,Silver,new_customers,5
846,15755.0,Gold,new_customers,5
847,15759.0,Gold,loyal_customers_with_high_recency,5
848,15769.0,Diamond,most_important_customers,1
849,15777.0,Platinum,loyal_customers_with_high_monetary,1
850,15780.0,Bronze,inactive_customer,0
851,15781.0,Silver,new_customers,5
852,15785.0,Platinum,new_customers_with_high_monetary,5
853,15789.0,Silver,high_monetary,0
854,15796.0,Diamond,most_important_customers,4
855,15797.0,Platinum,most_important_customers,5
856,15799.0,Platinum,most_important_customers,4
857,15805.0,Platinum,loyal_customers_with_high_recency,4
858,15808.0,Platinum,most_important_customers,5
859,15809.0,Silver,new_customers,5
860,15810.0,Gold,new_customers_with_high_monetary,5
861,15811.0,Platinum,most_important_customers,5
862,15812.0,Silver,inactive_customer,5
863,15820.0,Silver,inactive_customer,5
864,15823.0,Silver,loyal_customers_with_low_recency_&_monetary,0
865,15827.0,Platinum,most_important_customers,6
866,15831.0,Gold,loyal_customers_with_low_recency_&_monetary,5
867,15835.0,Bronze,inactive_customer,0
868,15838.0,Gold,loyal_customers_with_low_recency_&_monetary,5
869,15841.0,Bronze,inactive_customer,0
870,15843.0,Silver,new_customers,5
871,15845.0,Bronze,inactive_customer,0
872,15852.0,Silver,new_customers,4
873,15854.0,Gold,loyal_customers_with_high_monetary,5
874,15856.0,Diamond,most_important_customers,1
875,15864.0,Gold,loyal_customers_with_low_recency_&_monetary,5
876,15867.0,Diamond,most_important_customers,1
877,15881.0,Platinum,loyal_customers_with_high_monetary,1
878,15885.0,Silver,new_customers,5
879,15903.0,Silver,new_customers,5
880,15910.0,Bronze,inactive_customer,5
881,15916.0,Silver,high_monetary,0
882,15922.0,Bronze,inactive_customer,0
883,15923.0,Bronze,inactive_customer,0
884,15938.0,Bronze,inactive_customer,5
885,15939.0,Platinum,loyal_customers_with_high_monetary,1
886,15940.0,Silver,loyal_customers_with_low_recency_&_monetary,5
887,15953.0,Diamond,most_important_customers,1
888,15955.0,Silver,high_monetary,0
889,15967.0,Bronze,inactive_customer,5
890,15969.0,Gold,new_customers,4
891,15970.0,Silver,new_customers,5
892,15971.0,Gold,high_monetary,5
893,15973.0,Bronze,inactive_customer,0
894,15981.0,Silver,inactive_customer,5
895,15984.0,Platinum,most_important_customers,5
896,15996.0,Bronze,inactive_customer,0
897,16011.0,Silver,inactive_customer,5
898,16013.0,Diamond,most_important_customers,6
899,16019.0,Diamond,most_important_customers,1
900,16027.0,Platinum,loyal_customers_with_high_recency,5
901,16029.0,Diamond,most_important_customers,3
902,16030.0,Silver,new_customers,5
903,16033.0,Diamond,most_important_customers,6
904,16034.0,Bronze,inactive_customer,0
905,16037.0,Silver,new_customers,5
906,16042.0,Silver,loyal_customers_with_low_recency_&_monetary,0
907,16043.0,Silver,inactive_customer,5
908,16059.0,Bronze,inactive_customer,0
909,16073.0,Silver,new_customers,5
910,16081.0,Gold,new_customers_with_high_monetary,4
911,16084.0,Gold,new_customers_with_high_monetary,5
912,16085.0,Silver,inactive_customer,5
913,16092.0,Silver,new_customers,4
914,16094.0,Bronze,inactive_customer,0
915,16098.0,Platinum,most_important_customers,4
916,16103.0,Gold,new_customers,4
917,16109.0,Silver,new_customers,5
918,16110.0,Silver,high_monetary,5
919,16112.0,Silver,loyal_customers_with_low_recency_&_monetary,0
920,16115.0,Silver,new_customers,5
921,16122.0,Bronze,inactive_customer,0
922,16124.0,Gold,loyal_customers_with_low_recency_&_monetary,5
923,16125.0,Bronze,inactive_customer,0
924,16126.0,Gold,new_customers_with_high_monetary,5
925,16128.0,Gold,new_customers_with_high_monetary,5
926,16133.0,Diamond,most_important_customers,4
927,16134.0,Bronze,inactive_customer,0
928,16143.0,Platinum,most_important_customers,5
929,16145.0,Gold,loyal_customers_with_high_monetary,1
930,16148.0,Silver,new_customers,5
931,16150.0,Silver,loyal_customers_with_low_recency_&_monetary,0
932,16153.0,Platinum,most_important_customers,4
933,16156.0,Silver,inactive_customer,5
934,16161.0,Platinum,most_important_customers,1
935,16168.0,Platinum,loyal_customers_with_high_recency,4
936,16182.0,Platinum,new_customers_with_high_monetary,5
937,16186.0,Bronze,inactive_customer,0
938,16191.0,Diamond,most_important_customers,6
939,16203.0,Silver,loyal_customers_with_low_recency_&_monetary,0
940,16206.0,Bronze,inactive_customer,0
941,16209.0,Gold,new_customers,4
942,16210.0,Diamond,most_important_customers,1
943,16212.0,Gold,new_customers_with_high_monetary,5
944,16217.0,Gold,new_customers,5
945,16218.0,Silver,new_customers,4
946,16222.0,Gold,high_monetary,5
947,16233.0,Silver,loyal_customers_with_low_recency_&_monetary,0
948,16235.0,Diamond,most_important_customers,4
949,16241.0,Bronze,inactive_customer,0
950,16244.0,Silver,high_monetary,0
951,16255.0,Platinum,most_important_customers,5
952,16265.0,Diamond,most_important_customers,1
953,16270.0,Silver,high_monetary,0
954,16271.0,Bronze,inactive_customer,0
955,16279.0,Bronze,inactive_customer,0
956,16282.0,Bronze,inactive_customer,0
957,16298.0,Silver,new_customers,4
958,16303.0,Silver,high_monetary,0
959,16306.0,Diamond,most_important_customers,6
960,16315.0,Bronze,inactive_customer,0
961,16316.0,Silver,loyal_customers_with_low_recency_&_monetary,0
962,16317.0,Gold,new_customers_with_high_monetary,5
963,16321.0,Platinum,loyal_customers_with_high_recency,1
964,16326.0,Gold,loyal_customers_with_high_monetary,5
965,16327.0,Silver,high_monetary,5
966,16332.0,Silver,new_customers,5
967,16333.0,Diamond,most_important_customers,1
968,16350.0,Silver,high_monetary,0
969,16351.0,Bronze,inactive_customer,0
970,16353.0,Diamond,most_important_customers,6
971,16359.0,Platinum,loyal_customers_with_high_recency,1
972,16365.0,Bronze,inactive_customer,0
973,16378.0,Gold,loyal_customers_with_high_recency,5
974,16387.0,Bronze,inactive_customer,5
975,16389.0,Silver,new_customers,5
976,16393.0,Diamond,most_important_customers,4
977,16395.0,Gold,loyal_customers_with_high_monetary,5
978,16401.0,Platinum,most_important_customers,5
979,16403.0,Gold,loyal_customers_with_high_recency,5
980,16405.0,Gold,loyal_customers_with_high_recency,5
981,16407.0,Gold,loyal_customers_with_high_recency,5
982,16409.0,Silver,inactive_customer,5
983,16419.0,Silver,inactive_customer,5
984,16422.0,Diamond,most_important_customers,3
985,16424.0,Bronze,inactive_customer,0
986,16425.0,Silver,new_customers,5
987,16431.0,Platinum,most_important_customers,5
988,16434.0,Gold,new_customers_with_high_monetary,5
989,16456.0,Gold,new_customers_with_high_monetary,5
990,16458.0,Silver,new_customers,5
991,16462.0,Silver,new_customers,4
992,16466.0,Silver,new_customers,5
993,16473.0,Gold,loyal_customers_with_high_recency,5
994,16477.0,Platinum,loyal_customers_with_high_monetary,5
995,16493.0,Bronze,inactive_customer,0
996,16494.0,Gold,new_customers_with_high_monetary,5
997,16496.0,Gold,high_monetary,5
998,16497.0,Gold,loyal_customers_with_high_monetary,5
999,16500.0,Bronze,inactive_customer,0
1000,16503.0,Gold,loyal_customers_with_high_monetary,0
1001,16509.0,Gold,new_customers_with_high_monetary,5
1002,16510.0,Bronze,inactive_customer,0
1003,16515.0,Silver,inactive_customer,5
1004,16520.0,Platinum,most_important_customers,4
1005,16523.0,Gold,high_monetary,5
1006,16525.0,Diamond,most_important_customers,4
1007,16531.0,Platinum,most_important_customers,5
1008,16532.0,Silver,high_monetary,0
1009,16539.0,Bronze,inactive_customer,0
1010,16546.0,Bronze,inactive_customer,0
1011,16549.0,Bronze,inactive_customer,0
1012,16550.0,Gold,new_customers_with_high_monetary,4
1013,16551.0,Bronze,inactive_customer,0
1014,16553.0,Silver,new_customers,5
1015,16554.0,Silver,loyal_customers_with_low_recency_&_monetary,0
1016,16556.0,Gold,new_customers_with_high_monetary,5
1017,16558.0,Diamond,most_important_customers,1
1018,16560.0,Bronze,inactive_customer,0
1019,16565.0,Bronze,inactive_customer,0
1020,16566.0,Silver,new_customers,5
1021,16567.0,Silver,high_monetary,0
1022,16570.0,Gold,loyal_customers_with_high_monetary,5
1023,16571.0,Gold,new_customers_with_high_monetary,5
1024,16573.0,Silver,new_customers,5
1025,16593.0,Bronze,inactive_customer,0
1026,16600.0,Bronze,inactive_customer,0
1027,16607.0,Platinum,most_important_customers,1
1028,16611.0,Silver,new_customers,4
1029,16612.0,Platinum,most_important_customers,4
1030,16618.0,Gold,high_monetary,5
1031,16626.0,Gold,new_customers_with_high_monetary,4
1032,16638.0,Platinum,most_important_customers,5
1033,16655.0,Diamond,most_important_customers,4
1034,16656.0,Diamond,most_important_customers,1
1035,16660.0,Silver,inactive_customer,5
1036,16670.0,Diamond,most_important_customers,1
1037,16676.0,Silver,high_monetary,0
1038,16678.0,Gold,new_customers,5
1039,16684.0,Diamond,most_important_customers,6
1040,16686.0,Platinum,most_important_customers,1
1041,16700.0,Platinum,most_important_customers,5
1042,16701.0,Platinum,most_important_customers,5
1043,16705.0,Diamond,most_important_customers,1
1044,16709.0,Platinum,new_customers_with_high_monetary,5
1045,16711.0,Platinum,most_important_customers,5
1046,16713.0,Diamond,most_important_customers,1
1047,16714.0,Platinum,loyal_customers_with_high_monetary,1
1048,16716.0,Platinum,most_important_customers,5
1049,16717.0,Silver,new_customers,5
1050,16719.0,Bronze,inactive_customer,0
1051,16722.0,Bronze,inactive_customer,0
1052,16725.0,Platinum,most_important_customers,1
1053,16726.0,Platinum,most_important_customers,5
1054,16730.0,Gold,loyal_customers_with_high_recency,5
1055,16735.0,Silver,high_monetary,0
1056,16738.0,Silver,new_customers,5
1057,16745.0,Diamond,most_important_customers,1
1058,16746.0,Diamond,most_important_customers,5
1059,16748.0,Platinum,most_important_customers,5
1060,16752.0,Bronze,inactive_customer,0
1061,16755.0,Silver,inactive_customer,5
1062,16757.0,Bronze,inactive_customer,5
1063,16763.0,Silver,new_customers,4
1064,16765.0,Silver,new_customers,5
1065,16767.0,Gold,high_monetary,5
1066,16770.0,Platinum,loyal_customers_with_high_monetary,1
1067,16771.0,Platinum,most_important_customers,5
1068,16775.0,Bronze,inactive_customer,0
1069,16779.0,Diamond,most_important_customers,6
1070,16781.0,Bronze,inactive_customer,0
1071,16782.0,Gold,loyal_customers_with_low_recency_&_monetary,5
1072,16791.0,Bronze,inactive_customer,0
1073,16792.0,Gold,loyal_customers_with_high_recency,5
1074,16814.0,Diamond,most_important_customers,6
1075,16816.0,Gold,loyal_customers_with_low_recency_&_monetary,5
1076,16817.0,Gold,new_customers,4
1077,16825.0,Gold,new_customers,4
1078,16833.0,Bronze,inactive_customer,0
1079,16839.0,Diamond,most_important_customers,3
1080,16841.0,Gold,new_customers,4
1081,16842.0,Gold,new_customers_with_high_monetary,5
1082,16843.0,Diamond,most_important_customers,5
1083,16849.0,Silver,new_customers,4
1084,16850.0,Bronze,inactive_customer,0
1085,16858.0,Bronze,inactive_customer,0
1086,16863.0,Bronze,inactive_customer,0
1087,16873.0,Gold,loyal_customers_with_high_monetary,0
1088,16875.0,Diamond,most_important_customers,1
1089,16882.0,Bronze,inactive_customer,5
1090,16883.0,Bronze,inactive_customer,0
1091,16885.0,Bronze,inactive_customer,0
1092,16889.0,Silver,high_monetary,0
1093,16892.0,Bronze,inactive_customer,5
1094,16897.0,Platinum,loyal_customers_with_high_recency,1
1095,16904.0,Gold,loyal_customers_with_high_recency,5
1096,16906.0,Silver,new_customers,4
1097,16912.0,Silver,high_monetary,5
1098,16916.0,Bronze,inactive_customer,0
1099,16918.0,Silver,inactive_customer,5
1100,16923.0,Platinum,loyal_customers_with_high_monetary,1
1101,16928.0,Platinum,loyal_customers_with_high_recency,1
1102,16931.0,Diamond,most_important_customers,1
1103,16938.0,Silver,new_customers,5
1104,16943.0,Silver,high_monetary,5
1105,16945.0,Diamond,most_important_customers,1
1106,16948.0,Bronze,inactive_customer,0
1107,16949.0,Platinum,most_important_customers,4
1108,16951.0,Gold,new_customers_with_high_monetary,5
1109,16955.0,Platinum,loyal_customers_with_high_recency,4
1110,16957.0,Silver,new_customers,5
1111,16979.0,Platinum,most_important_customers,5
1112,16983.0,Silver,inactive_customer,5
1113,16985.0,Gold,loyal_customers_with_low_recency_&_monetary,5
1114,16992.0,Silver,new_customers,5
1115,16996.0,Silver,loyal_customers_with_low_recency_&_monetary,0
1116,16997.0,Platinum,most_important_customers,5
1117,16998.0,Silver,new_customers,5
1118,17001.0,Silver,high_monetary,5
1119,17007.0,Gold,loyal_customers_with_low_recency_&_monetary,0
1120,17015.0,Gold,new_customers_with_high_monetary,4
1121,17018.0,Silver,high_monetary,0
1122,17019.0,Bronze,inactive_customer,0
1123,17026.0,Silver,new_customers,4
1124,17027.0,Platinum,loyal_customers_with_high_recency,1
1125,17035.0,Gold,loyal_customers_with_high_recency,5
1126,17048.0,Diamond,most_important_customers,1
1127,17050.0,Diamond,most_important_customers,1
1128,17062.0,Bronze,inactive_customer,5
1129,17063.0,Silver,new_customers,5
1130,17064.0,Bronze,inactive_customer,0
1131,17068.0,Platinum,loyal_customers_with_high_monetary,1
1132,17069.0,Silver,loyal_customers_with_low_recency_&_monetary,0
1133,17071.0,Gold,loyal_customers_with_high_recency,5
1134,17075.0,Silver,inactive_customer,5
1135,17082.0,Silver,high_monetary,5
1136,17083.0,Platinum,most_important_customers,5
1137,17085.0,Platinum,most_important_customers,5
1138,17090.0,Bronze,inactive_customer,0
1139,17091.0,Diamond,most_important_customers,4
1140,17094.0,Gold,loyal_customers_with_low_recency_&_monetary,5
1141,17095.0,Platinum,most_important_customers,1
1142,17097.0,Bronze,inactive_customer,5
1143,17105.0,Silver,new_customers,5
1144,17107.0,Platinum,new_customers_with_high_monetary,5
1145,17114.0,Gold,loyal_customers_with_high_recency,5
1146,17118.0,Bronze,inactive_customer,5
1147,17124.0,Gold,new_customers,4
1148,17126.0,Platinum,most_important_customers,1
1149,17128.0,Bronze,inactive_customer,0
1150,17135.0,Bronze,inactive_customer,0
1151,17147.0,Silver,high_monetary,5
1152,17162.0,Platinum,most_important_customers,4
1153,17175.0,Gold,new_customers_with_high_monetary,5
1154,17180.0,Gold,loyal_customers_with_low_recency_&_monetary,5
1155,17188.0,Diamond,most_important_customers,1
1156,17190.0,Silver,new_customers,4
1157,17204.0,Bronze,inactive_customer,0
1158,17211.0,Bronze,inactive_customer,0
1159,17213.0,Platinum,most_important_customers,1
1160,17214.0,Platinum,loyal_customers_with_high_recency,5
1161,17218.0,Gold,loyal_customers_with_high_monetary,1
1162,17220.0,Silver,inactive_customer,5
1163,17223.0,Silver,new_customers,5
1164,17226.0,Gold,new_customers_with_high_monetary,5
1165,17228.0,Gold,loyal_customers_with_low_recency_&_monetary,5
1166,17230.0,Diamond,most_important_customers,6
1167,17231.0,Platinum,most_important_customers,5
1168,17235.0,Silver,high_monetary,0
1169,17236.0,Gold,loyal_customers_with_high_recency,5
1170,17238.0,Platinum,loyal_customers_with_high_recency,4
1171,17239.0,Gold,loyal_customers_with_high_monetary,5
1172,17243.0,Diamond,most_important_customers,1
1173,17251.0,Bronze,inactive_customer,0
1174,17252.0,Gold,new_customers_with_high_monetary,4
1175,17255.0,Silver,new_customers,5
1176,17256.0,Bronze,inactive_customer,5
1177,17277.0,Silver,high_monetary,5
1178,17282.0,Gold,new_customers_with_high_monetary,5
1179,17284.0,Silver,high_monetary,0
1180,17287.0,Bronze,inactive_customer,0
1181,17288.0,Platinum,loyal_customers_with_high_recency,1
1182,17291.0,Gold,new_customers_with_high_monetary,5
1183,17293.0,Silver,new_customers,5
1184,17302.0,Silver,new_customers,5
1185,17306.0,Diamond,most_important_customers,1
1186,17311.0,Silver,high_monetary,5
1187,17314.0,Gold,loyal_customers_with_high_monetary,5
1188,17315.0,Diamond,most_important_customers,6
1189,17323.0,Silver,new_customers,5
1190,17324.0,Silver,high_monetary,0
1191,17329.0,Silver,inactive_customer,5
1192,17334.0,Platinum,loyal_customers_with_high_recency,1
1193,17337.0,Platinum,most_important_customers,5
1194,17338.0,Silver,high_monetary,0
1195,17340.0,Platinum,loyal_customers_with_high_monetary,1
1196,17343.0,Bronze,inactive_customer,0
1197,17346.0,Silver,new_customers,5
1198,17348.0,Silver,new_customers,5
1199,17356.0,Bronze,inactive_customer,5
1200,17358.0,Platinum,most_important_customers,5
1201,17361.0,Platinum,loyal_customers_with_high_recency,4
1202,17362.0,Silver,new_customers,5
1203,17364.0,Gold,loyal_customers_with_high_monetary,5
1204,17365.0,Gold,loyal_customers_with_high_monetary,0
1205,17368.0,Platinum,loyal_customers_with_high_monetary,1
1206,17372.0,Bronze,inactive_customer,5
1207,17373.0,Bronze,inactive_customer,5
1208,17375.0,Bronze,inactive_customer,5
1209,17376.0,Bronze,inactive_customer,5
1210,17377.0,Platinum,most_important_customers,5
1211,17381.0,Diamond,most_important_customers,6
1212,17389.0,Diamond,most_important_customers,3
1213,17392.0,Platinum,most_important_customers,5
1214,17396.0,Silver,high_monetary,0
1215,17400.0,Silver,high_monetary,0
1216,17402.0,Bronze,inactive_customer,0
1217,17404.0,Platinum,loyal_customers_with_high_monetary,1
1218,17406.0,Platinum,loyal_customers_with_high_monetary,1
1219,17409.0,Gold,new_customers_with_high_monetary,4
1220,17412.0,Platinum,most_important_customers,5
1221,17414.0,Gold,new_customers_with_high_monetary,4
1222,17418.0,Bronze,inactive_customer,5
1223,17419.0,Platinum,most_important_customers,5
1224,17422.0,Silver,new_customers,5
1225,17426.0,Platinum,new_customers_with_high_monetary,5
1226,17428.0,Diamond,most_important_customers,6
1227,17429.0,Gold,new_customers,4
1228,17431.0,Silver,high_monetary,5
1229,17442.0,Silver,new_customers,5
1230,17446.0,Silver,new_customers,5
1231,17449.0,Gold,new_customers,5
1232,17450.0,Diamond,most_important_customers,7
1233,17454.0,Silver,new_customers,5
1234,17457.0,Platinum,most_important_customers,5
1235,17460.0,Gold,loyal_customers_with_low_recency_&_monetary,5
1236,17463.0,Silver,high_monetary,5
1237,17470.0,Bronze,inactive_customer,0
1238,17472.0,Silver,new_customers,5
1239,17491.0,Silver,inactive_customer,0
1240,17504.0,Silver,high_monetary,5
1241,17507.0,Silver,new_customers,5
1242,17511.0,Platinum,loyal_customers_with_high_monetary,6
1243,17512.0,Diamond,most_important_customers,1
1244,17515.0,Silver,inactive_customer,5
1245,17517.0,Silver,new_customers,5
1246,17530.0,Gold,new_customers_with_high_monetary,5
1247,17537.0,Gold,new_customers_with_high_monetary,5
1248,17540.0,Silver,inactive_customer,5
1249,17547.0,Bronze,inactive_customer,0
1250,17552.0,Silver,loyal_customers_with_low_recency_&_monetary,0
1251,17555.0,Bronze,inactive_customer,0
1252,17560.0,Gold,loyal_customers_with_high_recency,5
1253,17567.0,Diamond,most_important_customers,1
1254,17569.0,Silver,high_monetary,0
1255,17571.0,Silver,new_customers,5
1256,17576.0,Diamond,most_important_customers,1
1257,17580.0,Silver,loyal_customers_with_low_recency_&_monetary,5
1258,17581.0,Platinum,loyal_customers_with_high_monetary,1
1259,17585.0,Silver,high_monetary,0
1260,17591.0,Diamond,most_important_customers,1
1261,17593.0,Silver,high_monetary,0
1262,17602.0,Gold,high_monetary,5
1263,17604.0,Bronze,inactive_customer,5
1264,17609.0,Platinum,most_important_customers,1
1265,17611.0,Platinum,loyal_customers_with_high_monetary,5
1266,17612.0,Platinum,loyal_customers_with_high_recency,5
1267,17613.0,Gold,new_customers_with_high_monetary,5
1268,17616.0,Bronze,inactive_customer,0
1269,17619.0,Silver,inactive_customer,5
1270,17621.0,Platinum,loyal_customers_with_high_monetary,5
1271,17629.0,Bronze,inactive_customer,0
1272,17634.0,Silver,high_monetary,0
1273,17644.0,Gold,loyal_customers_with_high_recency,4
1274,17646.0,Gold,new_customers_with_high_monetary,5
1275,17652.0,Silver,new_customers,4
1276,17655.0,Gold,loyal_customers_with_high_recency,5
1277,17659.0,Platinum,loyal_customers_with_high_recency,4
1278,17667.0,Gold,new_customers_with_high_monetary,5
1279,17672.0,Gold,new_customers_with_high_monetary,5
1280,17673.0,Platinum,most_important_customers,4
1281,17675.0,Diamond,most_important_customers,1
1282,17677.0,Diamond,most_important_customers,1
1283,17685.0,Diamond,most_important_customers,1
1284,17686.0,Gold,new_customers_with_high_monetary,5
1285,17690.0,Diamond,most_important_customers,4
1286,17691.0,Bronze,inactive_customer,0
1287,17692.0,Silver,new_customers,5
1288,17696.0,Platinum,most_important_customers,4
1289,17705.0,Silver,new_customers,5
1290,17707.0,Gold,loyal_customers_with_high_recency,4
1291,17708.0,Bronze,inactive_customer,5
1292,17714.0,Bronze,inactive_customer,5
1293,17722.0,Platinum,loyal_customers_with_high_monetary,5
1294,17730.0,Diamond,most_important_customers,4
1295,17735.0,Silver,high_monetary,5
1296,17738.0,Platinum,new_customers_with_high_monetary,5
1297,17739.0,Bronze,inactive_customer,0
1298,17742.0,Bronze,inactive_customer,0
1299,17744.0,Platinum,loyal_customers_with_high_monetary,1
1300,17757.0,Platinum,most_important_customers,1
1301,17769.0,Silver,high_monetary,5
1302,17770.0,Gold,new_customers_with_high_monetary,5
1303,17771.0,Bronze,inactive_customer,5
1304,17774.0,Silver,new_customers,5
1305,17786.0,Bronze,inactive_customer,5
1306,17787.0,Platinum,most_important_customers,5
1307,17790.0,Gold,loyal_customers_with_high_recency,5
1308,17796.0,Gold,loyal_customers_with_high_monetary,5
1309,17799.0,Platinum,loyal_customers_with_high_monetary,1
1310,17800.0,Bronze,inactive_customer,0
1311,17802.0,Bronze,inactive_customer,0
1312,17809.0,Gold,new_customers_with_high_monetary,5
1313,17811.0,Diamond,most_important_customers,6
1314,17819.0,Platinum,most_important_customers,5
1315,17828.0,Platinum,new_customers_with_high_monetary,4
1316,17829.0,Gold,new_customers_with_high_monetary,5
1317,17838.0,Platinum,new_customers_with_high_monetary,5
1318,17841.0,Diamond,most_important_customers,8
1319,17843.0,Silver,new_customers,5
1320,17848.0,Platinum,loyal_customers_with_high_recency,1
1321,17849.0,Platinum,most_important_customers,5
1322,17850.0,Diamond,most_important_customers,3
1323,17854.0,Gold,new_customers,4
1324,17857.0,Platinum,most_important_customers,5
1325,17858.0,Platinum,most_important_customers,5
1326,17859.0,Silver,new_customers,5
1327,17861.0,Silver,inactive_customer,5
1328,17862.0,Silver,inactive_customer,5
1329,17863.0,Silver,high_monetary,5
1330,17865.0,Diamond,most_important_customers,1
1331,17869.0,Bronze,inactive_customer,0
1332,17870.0,Bronze,inactive_customer,0
1333,17874.0,Silver,new_customers,4
1334,17881.0,Silver,new_customers,5
1335,17884.0,Silver,inactive_customer,5
1336,17888.0,Silver,loyal_customers_with_low_recency_&_monetary,5
1337,17889.0,Bronze,inactive_customer,5
1338,17890.0,Bronze,inactive_customer,5
1339,17894.0,Gold,loyal_customers_with_low_recency_&_monetary,1
1340,17897.0,Bronze,inactive_customer,0
1341,17905.0,Bronze,inactive_customer,0
1342,17912.0,Gold,loyal_customers_with_high_recency,5
1343,17913.0,Bronze,inactive_customer,0
1344,17920.0,Gold,loyal_customers_with_high_monetary,5
1345,17923.0,Gold,new_customers,5
1346,17924.0,Platinum,loyal_customers_with_high_recency,1
1347,17929.0,Silver,new_customers,5
1348,17937.0,Gold,new_customers_with_high_monetary,5
1349,17940.0,Gold,new_customers_with_high_monetary,5
1350,17949.0,Diamond,most_important_customers,5
1351,17951.0,Bronze,inactive_customer,0
1352,17954.0,Diamond,most_important_customers,1
1353,17961.0,Diamond,most_important_customers,6
1354,17964.0,Bronze,inactive_customer,0
1355,17965.0,Diamond,most_important_customers,1
1356,17966.0,Silver,new_customers,4
1357,17975.0,Platinum,most_important_customers,5
1358,17976.0,Silver,high_monetary,0
1359,17987.0,Gold,new_customers,4
1360,17988.0,Bronze,inactive_customer,0
1361,17990.0,Bronze,inactive_customer,0
1362,17999.0,Bronze,inactive_customer,0
1363,18008.0,Bronze,inactive_customer,5
1364,18016.0,Diamond,most_important_customers,4
1365,18017.0,Silver,new_customers,5
1366,18032.0,Bronze,inactive_customer,0
1367,18037.0,Bronze,inactive_customer,5
1368,18041.0,Diamond,most_important_customers,6
1369,18055.0,Platinum,loyal_customers_with_high_monetary,5
1370,18061.0,Silver,inactive_customer,5
1371,18062.0,Bronze,inactive_customer,0
1372,18065.0,Bronze,inactive_customer,0
1373,18069.0,Silver,loyal_customers_with_low_recency_&_monetary,5
1374,18072.0,Gold,new_customers,4
1375,18073.0,Gold,new_customers,4
1376,18075.0,Platinum,most_important_customers,1
1377,18077.0,Gold,loyal_customers_with_high_monetary,5
1378,18084.0,Silver,new_customers,5
1379,18085.0,Silver,high_monetary,0
1380,18087.0,Silver,new_customers,5
1381,18092.0,Diamond,most_important_customers,4
1382,18093.0,Diamond,most_important_customers,1
1383,18094.0,Gold,new_customers_with_high_monetary,5
1384,18095.0,Gold,loyal_customers_with_high_monetary,5
1385,18097.0,Gold,loyal_customers_with_high_monetary,0
1386,18102.0,Diamond,most_important_customers,2
1387,18106.0,Silver,high_monetary,0
1388,18109.0,Diamond,most_important_customers,6
1389,18116.0,Diamond,most_important_customers,1
1390,18118.0,Diamond,most_important_customers,4
1391,18125.0,Diamond,most_important_customers,1
1392,18136.0,Silver,inactive_customer,5
1393,18138.0,Silver,new_customers,5
1394,18144.0,Bronze,inactive_customer,5
1395,18145.0,Silver,high_monetary,5
1396,18155.0,Silver,new_customers,5
1397,18159.0,Gold,new_customers_with_high_monetary,5
1398,18161.0,Silver,inactive_customer,5
1399,18168.0,Silver,new_customers,5
1400,18171.0,Bronze,inactive_customer,0
1401,18172.0,Silver,new_customers,5
1402,18176.0,Gold,loyal_customers_with_high_monetary,0
1403,18178.0,Silver,new_customers,5
1404,18179.0,Gold,loyal_customers_with_high_monetary,5
1405,18190.0,Silver,loyal_customers_with_low_recency_&_monetary,5
1406,18198.0,Gold,loyal_customers_with_high_monetary,5
1407,18202.0,Silver,high_monetary,5
1408,18212.0,Silver,inactive_customer,0
1409,18219.0,Silver,new_customers,5
1410,18221.0,Gold,new_customers,4
1411,18223.0,Platinum,loyal_customers_with_high_monetary,6
1412,18225.0,Platinum,most_important_customers,5
1413,18226.0,Diamond,most_important_customers,4
1414,18229.0,Diamond,most_important_customers,5
1415,18230.0,Gold,new_customers_with_high_monetary,5
1416,18233.0,Silver,high_monetary,0
1417,18236.0,Silver,new_customers,4
1418,18239.0,Gold,loyal_customers_with_high_monetary,5
1419,18245.0,Diamond,most_important_customers,1
1420,18248.0,Gold,new_customers_with_high_monetary,4
1421,18250.0,Platinum,most_important_customers,5
1422,18256.0,Bronze,inactive_customer,0
1423,18257.0,Silver,new_customers,5
1424,18260.0,Platinum,loyal_customers_with_high_monetary,1
1425,18269.0,Bronze,inactive_customer,0
1426,18277.0,Bronze,inactive_customer,5
1427,18283.0,Gold,loyal_customers_with_low_recency_&_monetary,5
